,Theme
0,Travel
1,Mystery
2,Historical Fiction
3,Sequential Art
4,Classics
5,Philosophy
6,Romance
7,Womens Fiction
8,Fiction
9,Childrens
10,Religion
11,Nonfiction
12,Music
13,Default
14,Science Fiction
15,Sports and Games
16,Add a comment
17,Fantasy
18,New Adult
19,Young Adult
20,Science
21,Poetry
22,Paranormal
23,Art
24,Psychology
25,Autobiography
26,Parenting
27,Adult Fiction
28,Humor
29,Horror
30,History
31,Food and Drink
32,Christian Fiction
33,Business
34,Biography
35,Thriller
36,Contemporary
37,Spirituality
38,Academic
39,Self Help
40,Historical
41,Christian
42,Suspense
43,Short Stories
44,Novels
45,Health
46,Politics
47,Cultural
48,Erotica
49,Crime
